"parameter","mean","sd","X2.5.","X25.","X50.","X75.","X97.5.","Rhat","n.eff"
"c[1,1]",-1.31087855039043,0.170928897671456,-1.63633394007435,-1.42445258738197,-1.31212637366691,-1.20025900586479,-0.967679686127377,1.00190654908898,2000
"c[2,1]",-2.4070454946714,0.334881708870501,-3.13206147470634,-2.61120235190968,-2.38490309715104,-2.17307142151955,-1.82764767136293,1.00195163536601,1400
"c[3,1]",-1.54806187104411,0.169871433201185,-1.88586152988368,-1.66442742846597,-1.54260390168763,-1.43106249292637,-1.23816834177643,1.00135445483964,2300
"c[1,2]",-0.305903185545697,0.181388358070871,-0.620675907255293,-0.435182198431402,-0.315546610238824,-0.194899598157218,0.0889005334922512,1.00569129267712,3000
"c[2,2]",-0.127994377779619,0.14591380107535,-0.399250127737569,-0.230487977964839,-0.130298988313885,-0.0336162355120584,0.167335067645972,1.00974189623342,220
"c[3,2]",-0.590042458752025,0.125853602648152,-0.819639348487467,-0.677510492068362,-0.59112539298645,-0.506053860754232,-0.326071660616318,1.00076579132425,3000
"c[1,3]",1.05467835233083,0.296282097840219,0.59046054245053,0.844722741079734,1.01427235815823,1.21820130466604,1.77541105887735,1.00794321838183,1400
"c[2,3]",0.50064850718657,0.162693730863921,0.197428165544485,0.386863243985546,0.494472341096871,0.606028414049935,0.828508483323924,1.01495851321524,190
"c[3,3]",1.03613400698024,0.143748889945158,0.765333403143511,0.943780733315985,1.02925460006388,1.12680837686382,1.34281709418939,1.00273704552416,1000
"c[1,4]",2.04716351426769,0.376982163796664,1.44510076717106,1.78350319609803,2.00783889229016,2.25322297378107,2.90042886561966,1.00522647539381,3000
"c[2,4]",2.74630300270692,0.316114978952033,2.20058284179105,2.52778017925978,2.71771638553754,2.93800065187565,3.4699108705907,1.02075262955289,120
"c[3,4]",2.52731344098494,0.193719775193455,2.15652947951121,2.40030510897783,2.52582657819462,2.65350211114731,2.91781314176381,1.00631147495945,350
"d[1]",1.73184275296408,0.362084572826716,1.18428158263393,1.47579684967078,1.6697515184792,1.93515041801401,2.59595901732863,1.02536486651435,120
"d[2]",1.21356193498545,0.177876348025854,0.945694285964562,1.08981554279494,1.19050709202747,1.302410775078,1.67321573657317,1.00786665882179,870
"d[3]",0.856064542706259,0.0960146463150958,0.706497529140511,0.790102531125438,0.844560406725491,0.905456032404007,1.10414016330333,1.07073362877326,45
"delta[1]",-0.480452615847137,0.14996993924918,-0.77569462675513,-0.581697921540142,-0.480982449514879,-0.380771646645199,-0.185076237979024,1.00096181233962,3000
"delta[2]",0.12272217195241,0.145356778281894,-0.156083802044219,0.0257685545365616,0.120053038951417,0.218672352112586,0.412359329970458,1.00106506065877,3000
"delta[3]",0.518914616924613,0.148034433948226,0.226230039293769,0.419249787763532,0.519510227184523,0.621236782050981,0.80518219351395,1.00205207096959,1300
"delta[4]",-0.161184173029886,0.147564482731977,-0.443275475712615,-0.261242674773897,-0.162778721456748,-0.061480478615394,0.133100504542856,1.00141275807494,2200
"deviance",2567.3754804168,44.3402523749145,2483.82082193202,2537.50395120444,2566.01655290601,2597.2612910077,2655.65758340661,1.00251863479399,3000
"tau[1]",-1.54331592654188,0.27002719432656,-2.10830267236917,-1.7175458899448,-1.53298532631295,-1.3623749167969,-1.04050014173645,1.00463038092773,490
"tau[2]",-0.467107692476463,0.252452739772817,-0.910607855324091,-0.639835964388884,-0.48162942542398,-0.316866676472739,0.111343782147199,1.06104355860601,65
"tau[3]",0.452940585549904,0.289656860796927,-0.0138888587604764,0.260103498270226,0.425473214332341,0.59711493796315,1.1859906448235,1.05443293880871,120
"tau[4]",1.20988151985199,0.748044607167052,0.271342535364299,0.731930682043264,1.02486472380364,1.47074693439202,3.60440913048936,1.08202705384174,110
"theta[1]",1.25203383956622,0.763126065761932,-0.231958414142381,0.734979762801632,1.26482668659697,1.74769063225018,2.772803293365,1.00130890012217,2500
"theta[2]",-0.978866538101342,0.713847149701487,-2.38164679818617,-1.45769588196339,-0.966198512819553,-0.519594291815556,0.383683287366235,1.00096622463598,3000
"theta[3]",-0.00842894625177774,0.72524701202145,-1.39691590104385,-0.493635568505634,-0.0141575098295743,0.457421080356702,1.42041013639207,1.00110500541484,3000
"theta[4]",0.695745433051276,0.758416011162985,-0.801981888865334,0.196875469598294,0.67838288329756,1.20383217532164,2.14861977787248,1.00098601681437,3000
"theta[5]",-0.393171047599401,0.699521605711112,-1.75862428129166,-0.857441429982192,-0.383643979208877,0.0658899213434745,0.942544446429529,1.00074627413799,3000
"theta[6]",0.08588542965878,0.717896524211767,-1.27612243438259,-0.395361918531176,0.0792086729682758,0.551374171432123,1.51937539788164,1.00074765025409,3000
"theta[7]",0.337634495872588,0.699911184976254,-1.01754368502219,-0.118611451778388,0.32283309780196,0.823964536771586,1.73068679035735,1.00075472228214,3000
"theta[8]",-0.194667198603226,0.722629781381017,-1.60540951445812,-0.674096839639463,-0.194672740437072,0.295933885354778,1.24893281454877,1.00217753665793,1200
"theta[9]",-0.202694485223924,0.712968630726924,-1.58216071022367,-0.675269488560718,-0.211866545989205,0.283970908729085,1.19933365218067,1.00076759753916,3000
"theta[10]",0.582687992716313,0.719147120158288,-0.78924783219348,0.104307656253597,0.565506078615668,1.0581009578081,2.04007402794641,1.00064483016316,3000
"theta[11]",0.0814332970959121,0.714717334856118,-1.3189813667067,-0.400619199893433,0.0760867675226035,0.559082050015134,1.49585360521329,1.00163932112963,1800
"theta[12]",-0.937364792580113,0.70237113582814,-2.34191562720358,-1.39305112872961,-0.915775949053799,-0.479990542079272,0.412954103859394,1.00067079085676,3000
"theta[13]",0.608614976099704,0.755118727198622,-0.872432367565103,0.0975746692143271,0.59454777910038,1.12132226973841,2.08403004862076,1.00093740420355,3000
"theta[14]",0.493584475686014,0.7480596665714,-0.953965219773055,-0.0114085307672136,0.489573128233088,0.990200881492993,1.95117726496481,1.00123892691895,2700
"theta[15]",0.28660441429842,0.730893728680005,-1.12809138681057,-0.219262387579793,0.267153327814682,0.768689840118494,1.73933932381028,1.00349346152375,670
"theta[16]",-0.8516208596086,0.74183200161342,-2.26712446278843,-1.34968490810552,-0.870117235963771,-0.350971009090401,0.561358748369856,1.00056278962492,3000
"theta[17]",-0.0474020027429605,0.70218388891235,-1.41268385949158,-0.51262418091695,-0.0393896773324164,0.407145580539345,1.32129507997831,1.0015556665566,1900
"theta[18]",-0.174075877814694,0.722725639587491,-1.5603354966584,-0.658751544507203,-0.174274739450561,0.319270762857496,1.2298059540876,1.00126579335159,2600
"theta[19]",-1.13128836065862,0.719950282785958,-2.54943348185479,-1.60253539523776,-1.13656299342599,-0.640721680702218,0.269834678848593,1.00077951423451,3000
"theta[20]",0.85900241514827,0.738218164815932,-0.540583599472098,0.363125675532712,0.844178905344377,1.34822435169091,2.3051909555006,1.00188559819923,1400
"theta[21]",-0.0997041567775277,0.751614903958008,-1.57510373561845,-0.605285585882754,-0.0910364192822375,0.40620606917496,1.30394962588759,1.00092685605857,3000
"theta[22]",0.289138203144386,0.710948734109426,-1.07506486364052,-0.192089620147802,0.283086140917999,0.773777821730614,1.69686086349194,1.00051311447559,3000
"theta[23]",0.97017897783714,0.771112517369707,-0.478946529623757,0.432811505356948,0.956193641534332,1.46607258030561,2.57498415289358,1.00075678007949,3000
"theta[24]",0.375077761178689,0.748641423927773,-1.04594050837345,-0.141041865634572,0.341943280006783,0.879780875589631,1.85424644528968,1.00073999646982,3000
"theta[25]",0.640203747470215,0.703828904587928,-0.672080489026643,0.151230575893221,0.643680656762633,1.10177325097211,2.04309449352006,1.0008033924045,3000
"theta[26]",-0.946287467646424,0.683916951453225,-2.27470226434972,-1.40481489616398,-0.952193892566546,-0.493461193547717,0.411917610408347,1.00128987549163,2500
"theta[27]",0.172308474908106,0.713975529304204,-1.2419187445982,-0.305446758999956,0.169435337651017,0.651495444576073,1.54984795066277,1.00059710400502,3000
"theta[28]",-0.145657773703336,0.685312681642636,-1.49182767746698,-0.590800861577514,-0.158802000455227,0.300897339714553,1.19975627972837,1.00088210964466,3000
"theta[29]",0.759029122412592,0.738722428096512,-0.727088261231625,0.26415608145988,0.768427870396214,1.23515619532559,2.23786816874296,1.00148942140465,2000
"theta[30]",-0.290680519609659,0.726998716231032,-1.64738400836656,-0.78593637124186,-0.304725453816169,0.185952028618982,1.16437547565386,1.00063440225136,3000
"theta[31]",-0.874721514119191,0.71061130215883,-2.27496344023967,-1.35677487770047,-0.866503944276364,-0.386824226509192,0.497983540491202,1.0017302141155,1600
"theta[32]",0.683639175922659,0.765760739382807,-0.873080807038101,0.172798643260111,0.697577296321958,1.19496791580846,2.13494938170192,1.00208266317692,1300
"theta[33]",-0.0746942340116363,0.669626249270973,-1.33672531947634,-0.531169169177561,-0.0908409251020026,0.342953602254269,1.29788794095992,1.00081144119211,3000
"theta[34]",0.0592854725756643,0.720956009543511,-1.37051677884839,-0.409795412697122,0.0602944486756135,0.529306229494364,1.49250084769902,1.0009562277782,3000
"theta[35]",-0.618553172224125,0.691332534818487,-1.98804856518623,-1.08797656437528,-0.618683093031325,-0.14035389803311,0.721157024998402,1.00112197449019,3000
"theta[36]",-1.13152528563685,0.74393032371506,-2.64411290572073,-1.59490228428058,-1.12585619065059,-0.636251021936169,0.291131537976177,1.00090265514031,3000
"theta[37]",1.19350458982663,0.756091140730395,-0.305097029598561,0.688058628797709,1.18218433183624,1.69702646258039,2.69153727939319,1.00106306049696,3000
"theta[38]",-1.13509203327336,0.713389733899533,-2.56030653613773,-1.61077824241111,-1.13417755891833,-0.655106858247811,0.275268104693812,1.00051337666034,3000
"theta[39]",1.37488041030201,0.766628315715744,-0.115823889137735,0.878702082060331,1.36791379361612,1.87941305739327,2.89764371530238,1.0018333056992,1700
"theta[40]",0.234382979469183,0.742632383991605,-1.18625946755491,-0.257929572200186,0.23315925734465,0.713509811969922,1.72259418976676,1.00055476112799,3000
"theta[41]",0.407263558259802,0.712870474511004,-0.984859056507026,-0.0682316403797155,0.396897106611096,0.88767581093249,1.82197036377365,1.00120939569307,2800
"theta[42]",1.20010334240346,0.756217727883116,-0.249641045190407,0.687089858868274,1.1961247956075,1.69815757371429,2.68268346694963,1.00194396167703,1400
"theta[43]",-0.76320546305675,0.687922729171596,-2.12527415305711,-1.22356400396528,-0.772325358947562,-0.28866223315773,0.573799698764114,1.00095184133105,3000
"theta[44]",0.331295812067325,0.729217234794889,-1.09143228044565,-0.145778727310464,0.33031544336424,0.810594537426651,1.76248029707084,1.00264573093371,940
"theta[45]",-0.527734341302653,0.721256738901217,-1.92883574369219,-1.01044387780542,-0.532759731591561,-0.0301480895639996,0.867795645968865,1.00079878993076,3000
"theta[46]",0.919096265526994,0.741897221958798,-0.533841091892521,0.423852833237271,0.905364832742297,1.39383795437849,2.41213232480791,1.00059116003604,3000
"theta[47]",-0.499751049345578,0.710961330405372,-1.89582644228205,-0.998268594293045,-0.499889800916584,-0.0104225742637973,0.853023560195366,1.00060692299618,3000
"theta[48]",-0.404345052075114,0.67580085697095,-1.73268142778574,-0.841521969724737,-0.40538026759831,0.0624953672821218,0.949372365725815,1.00121066204919,3000
"theta[49]",0.78950563485893,0.72729831728569,-0.61253686481494,0.293114628033504,0.784837747994331,1.26518810103007,2.21160512320038,1.0009647013278,3000
"theta[50]",0.336664273267327,0.698996579901964,-1.0484054653799,-0.122469388544804,0.333197807695662,0.795407814342555,1.74478998558488,1.00065623597368,3000
"theta[51]",-0.695298212618668,0.708435493144689,-2.05754706010435,-1.18492638301161,-0.686976590354049,-0.212097851395209,0.696769383840066,1.00050664176861,3000
"theta[52]",-0.211379192421037,0.769793995499845,-1.76073794428225,-0.72027177125705,-0.19291963564741,0.288831871096406,1.29539071272248,1.00063890004913,3000
"theta[53]",0.1079333870629,0.6853731809402,-1.23814790405555,-0.342837268161896,0.0997461473966488,0.564466252867991,1.44497380446555,1.00082275286049,3000
"theta[54]",0.790634320311226,0.724543470932482,-0.576332555533791,0.290521909824758,0.77407372626267,1.27953616518102,2.26377359888981,1.00171784242668,1600
"theta[55]",0.248075368975056,0.69464146712664,-1.11505073434865,-0.213496284463688,0.246452707781083,0.704517028506654,1.59471762251871,1.00089872748787,3000
"theta[56]",-0.383752583352154,0.726651033379398,-1.80472568188129,-0.859520036382693,-0.388969050045271,0.0916785427649829,1.0221031101781,1.00118814091525,2900
"theta[57]",-0.519627953689676,0.68226745365494,-1.8517084920016,-0.974446073678742,-0.527285418804896,-0.0760837925761103,0.843499620274642,1.00315533280784,750
"theta[58]",-0.0936459342524256,0.74124382635464,-1.51654458036892,-0.601694700401744,-0.0973139224627031,0.401980983691072,1.35193715230855,1.00061216867595,3000
"theta[59]",0.443459569296244,0.757744019837704,-1.00769503421226,-0.0727366070533602,0.435330853098392,0.959578540122801,1.93978881478371,1.00069645094808,3000
"theta[60]",-1.04774395027045,0.710316783602179,-2.49356324198948,-1.5088746565834,-1.01463757891149,-0.571532990293853,0.302341905861696,1.00084978533732,3000
"theta[61]",0.32349956185282,0.745545905072217,-1.13458924676286,-0.183388687339245,0.315230768531599,0.836537518143137,1.76424267458474,1.00072425141301,3000
"theta[62]",0.236285444230128,0.705539359970741,-1.13386377093623,-0.24449711880732,0.232037666119442,0.720593458359947,1.6136824164606,1.00228726137831,1100
"theta[63]",0.752815663135032,0.723919700337353,-0.66847939820545,0.271602115964796,0.746706838465639,1.21618778479443,2.20701002876735,1.00088777221904,3000
"theta[64]",1.21315314469624,0.753439696727089,-0.259055677339621,0.691977650500363,1.23130406497948,1.72574020172838,2.64543353093985,1.00175977600743,1600
"theta[65]",-0.0915193005347966,0.720533362308035,-1.47172170406335,-0.5800307974385,-0.0971994482262599,0.402354992049509,1.35122912023154,1.00057548869479,3000
"theta[66]",-1.28050212000638,0.720050164805433,-2.7026983362537,-1.74468663220483,-1.27920268263595,-0.791034479169291,0.118683665186622,1.00522805508971,430
"theta[67]",-0.789804808974169,0.698160259882,-2.18181042172392,-1.24960851724752,-0.778164106683512,-0.323124930216374,0.588823010031031,1.00082802266852,3000
"theta[68]",0.369348968217276,0.734834063220167,-1.11954206806667,-0.112102513460324,0.371708388566424,0.846434486594387,1.82899257048257,1.00420497193907,540
"theta[69]",1.23398061605161,0.779799367377809,-0.277782808630147,0.712670525320636,1.22070912394727,1.73036578422381,2.84796911322186,1.00140772408276,2200
"theta[70]",0.232955946627215,0.701319259417923,-1.10588873901532,-0.252259315494625,0.236331663312816,0.678005888943826,1.65283289583568,1.00293639513074,820
"theta[71]",0.426925562635476,0.71400449957088,-0.967520602349758,-0.0362459435516625,0.406878947529926,0.899307778801015,1.83506476512584,1.00081551761069,3000
"theta[72]",-0.550388851211388,0.724404621108645,-1.93631356394912,-1.04732868754632,-0.552715971356057,-0.062310279929373,0.926943731199856,1.00115797957932,3000
"theta[73]",-0.537774233282883,0.720329759069769,-1.97026646883919,-1.01242558224545,-0.535648430089353,-0.0710621835547955,0.870194623847398,1.00150384542353,3000
"theta[74]",-1.54946493326121,0.769012774961824,-3.12252300246168,-2.0548454448543,-1.52811943278574,-1.03706807915788,-0.0634318643130439,1.00114089880447,3000
"theta[75]",-0.0981724920781744,0.737255900358701,-1.52170681784583,-0.60021353094427,-0.0941262199071274,0.398542751998922,1.31962155451231,1.00178240078976,1600
"theta[76]",0.685080717532759,0.731204894055513,-0.757227577090922,0.195352164291136,0.679773977350815,1.17724172459019,2.12947354955536,1.00220509072633,1200
"theta[77]",-0.34717918246043,0.682165487118821,-1.6901735479356,-0.796105995567033,-0.345059510367729,0.106046366697925,1.01733729478535,1.00050928091767,3000
"theta[78]",0.966484734842542,0.73673837972077,-0.465721757065778,0.4727647591112,0.974202114005885,1.45385038498316,2.41903055513138,1.00187200180411,1500
"theta[79]",-0.262141536790326,0.695613238558403,-1.60730445682847,-0.727679200734594,-0.283550778022454,0.207815872974767,1.10973123636899,1.00105741348458,3000
"theta[80]",-0.388488366247236,0.682813507701037,-1.71756972062762,-0.846865705970331,-0.382088988588468,0.0678438491952834,0.970991317264098,1.00311362143864,1400
"theta[81]",-1.34677790515837,0.723390337404166,-2.73490809667208,-1.83727674264379,-1.34379892728121,-0.852413772070763,0.0461949218055629,1.00113029118406,3000
"theta[82]",0.57151395097157,0.716737575332872,-0.831364014818171,0.0780716962810322,0.564796818545024,1.04788085943535,1.97077074552689,1.00109948057467,3000
"theta[83]",0.660278426725808,0.717976621111751,-0.723036079783269,0.152485362579589,0.65951312086791,1.14152643717588,2.06073080549233,1.00097488766624,3000
"theta[84]",0.153908423513765,0.684265839970636,-1.16935385360234,-0.309189113828472,0.151904706900842,0.584882561282066,1.56320563676447,1.00141407809926,2200
"theta[85]",-0.561055009750948,0.725884418411488,-2.00768495396066,-1.03267000434898,-0.550770998561779,-0.0622169740706284,0.803012212242706,1.00088547010188,3000
"theta[86]",0.93901065984917,0.720059086447641,-0.426560757260528,0.436780517914096,0.929379594248984,1.40444885844227,2.39327233164711,1.00160533645829,1800
"theta[87]",1.10729350519209,0.771483117299731,-0.347241051077471,0.588313024173482,1.08760939567183,1.61937003520881,2.6501097640425,1.00129599165457,2500
"theta[88]",0.186160948542443,0.686523602598544,-1.1898009739731,-0.265556185215212,0.183328404590691,0.635755844560002,1.56118195660495,1.00133146753285,2400
"theta[89]",-0.28921324459153,0.734979574453361,-1.70004507894352,-0.797393191466111,-0.310926981018255,0.206196393939493,1.1963869916365,1.0015509562728,1900
"theta[90]",0.359058944679144,0.716132381675136,-1.02545426807461,-0.120073393882435,0.366624823278405,0.841950048657483,1.75921196804248,1.00100650066147,3000
"theta[91]",0.0935082084839104,0.733345590034908,-1.31905463459668,-0.395113542386222,0.0856607090918371,0.586689024323743,1.58248726713762,1.00188161791227,1400
"theta[92]",-0.385128082320434,0.723929955400937,-1.80641079045103,-0.875328396574372,-0.379182780211765,0.103097661744314,1.00538532481381,1.00118154212117,2900
"theta[93]",1.22455387267506,0.77848058718007,-0.289395424153908,0.696890151238329,1.21472491807664,1.73910611740651,2.79567369539335,1.00076180922908,3000
"theta[94]",0.598800405435919,0.752084067643067,-0.886472899192806,0.101631057358353,0.605624125337137,1.09514382048268,2.07354586947534,1.00144257372145,2100
"theta[95]",-0.2146878894204,0.674814569843816,-1.58258702398347,-0.655290434866876,-0.207159837216469,0.238938002513299,1.08085048900183,1.0013479899404,2400
"theta[96]",0.525853631501829,0.729653961350492,-0.8634578205177,0.0495081068145062,0.497451187828027,1.00792914689342,1.99719687807201,1.00213484611378,1200
"theta[97]",-1.25497783801997,0.73886724709252,-2.73160098303016,-1.717154205343,-1.24472110632165,-0.770410018278289,0.170439968739578,1.00162787979911,3000
"theta[98]",-1.61389065206885,0.742642034808177,-3.14512239149872,-2.10315341705247,-1.61195581034028,-1.12178145101594,-0.174414985058725,1.00097274288455,3000
"theta[99]",-0.672322635739043,0.700662062201113,-2.06458302146324,-1.1422507237785,-0.679732641122554,-0.197295376590026,0.712778165334724,1.00252503921643,990
"theta[100]",0.569991553958422,0.766260476805627,-0.859946258354784,0.0575536666898387,0.530143479126687,1.06879346904398,2.15031886645587,1.00246109699254,1000
"theta[101]",0.0346980287254567,0.719340042754552,-1.36040387880057,-0.429794050049594,0.0299513229050807,0.498743954432257,1.49616379957175,1.0007872402035,3000
"theta[102]",0.0799879422412443,0.690397440054717,-1.22420215939221,-0.4037296579864,0.0877171559957293,0.536543102909239,1.4249618183151,1.0015954509535,1800
"theta[103]",-0.207951865501132,0.712388672678057,-1.62488326897439,-0.692362701477627,-0.203082732740107,0.272642363444286,1.20267523221573,1.00160839859118,1800
"theta[104]",0.375349994456444,0.710136680032967,-1.03163627213771,-0.0900505030742753,0.381355592573637,0.853132083866392,1.81007755169287,1.00093860041058,3000
"theta[105]",-1.01250941861092,0.73017282938416,-2.48592293724685,-1.48698646609585,-1.0094797600015,-0.528874763998635,0.429695311290718,1.00080358694885,3000
"theta[106]",0.670926650046798,0.764040426218341,-0.808953972686622,0.164076238709102,0.645987339806276,1.17183492719209,2.25849045054878,1.00133005151747,2400
"theta[107]",-0.851730789787527,0.678230915823882,-2.20093223267986,-1.30789728353666,-0.853681731294088,-0.387964953608853,0.440930853839193,1.00114059527571,3000
"theta[108]",0.973871898501136,0.77918826279761,-0.536814992372207,0.447931131482179,0.968508937090422,1.45509316244372,2.60471111889146,1.00115938789001,3000
"theta[109]",0.563576241709403,0.771872268015964,-0.917971455637514,0.0350050629758294,0.555938587907829,1.09066378298281,2.07515764830185,1.00106941289495,3000
"theta[110]",0.266166427145391,0.74772563495592,-1.18827967179831,-0.231312663600527,0.238267776147398,0.759144166801905,1.79013965553438,1.00289656179502,840
"theta[111]",-0.149140037736956,0.739672641523692,-1.6421039485289,-0.650439647752333,-0.151066753215131,0.345451027857111,1.28535020429862,1.00075630233538,3000
"theta[112]",-0.0585762689483436,0.725486056020551,-1.48946272109271,-0.542317728138857,-0.0650336697849555,0.443249095968238,1.35443612779736,1.00090574058764,3000
"theta[113]",-0.460489307779521,0.652053601282924,-1.74694871765899,-0.88547883989131,-0.461600452718481,-0.036059971135484,0.827524943671553,1.00096691358172,3000
"theta[114]",-0.283678843207771,0.711535810046311,-1.6808830133335,-0.758110694581302,-0.284328799962669,0.211964873728447,1.06531198740673,1.00183036922353,1500
"theta[115]",0.303766047488495,0.687820112586104,-1.03599944388221,-0.169316805714407,0.296329082856609,0.756946695211074,1.64374867708282,1.00056500373128,3000
"theta[116]",0.9536242525203,0.73957220891649,-0.51491562729892,0.447979831089572,0.950429448529632,1.43753093324553,2.46506467344771,1.00160603220234,1800
"theta[117]",-1.22793380190707,0.710025292360012,-2.59546073352313,-1.71748710660496,-1.21144210479462,-0.740935397107967,0.155911100221572,1.00066525575791,3000
"theta[118]",-0.674161946926876,0.702657640830435,-2.06648769778229,-1.12559776732798,-0.674267888190572,-0.197271194356623,0.658721432772279,1.00060718892803,3000
"theta[119]",-0.696566619599741,0.674961787656376,-1.97473901632532,-1.14385756961978,-0.706464280406019,-0.258050376982453,0.665661928146884,1.00054206414973,3000
"theta[120]",0.118416221466318,0.676149068587045,-1.18921677308449,-0.338879238314962,0.102445906091988,0.563157740100656,1.45959497914174,1.00088994531271,3000
"theta[121]",0.620548785556086,0.749839896002586,-0.823946084255197,0.106749086660325,0.624900616985487,1.12952770074148,2.10812997667014,1.0006103829946,3000
"theta[122]",-0.585727485137221,0.742635034633427,-1.99343805825962,-1.09554129307879,-0.600414500413859,-0.0997816937134253,0.932472444200324,1.00054607305323,3000
"theta[123]",-0.0764090491965228,0.728425110296197,-1.48279902928857,-0.569843679647234,-0.0709487883018851,0.424174926911857,1.34621275742377,1.00207119045368,1300
"theta[124]",-1.32531530407219,0.722086749555365,-2.76852072644295,-1.80478465940767,-1.33267340265205,-0.855416707806933,0.145278511047215,1.00128282748116,3000
"theta[125]",0.397255986426982,0.731465268982525,-1.04875495033364,-0.106269039368656,0.403763114846512,0.875199935583199,1.82842479758957,1.0010545632744,3000
"theta[126]",-1.18763961521698,0.741323120097477,-2.66139229816364,-1.67957113540908,-1.1842041397214,-0.679072317854612,0.227931955193103,1.00101405973864,3000
"theta[127]",-0.0997796529591766,0.720056410603802,-1.45963606221628,-0.596351747302799,-0.0966592771184493,0.395807629778317,1.30424434946899,1.00255316496476,980
"theta[128]",0.697840534285727,0.737568734424134,-0.746062192513292,0.20442708646222,0.698292064494753,1.17597307704678,2.22441738837428,1.00054367898337,3000
"theta[129]",-1.20489076021499,0.739477329225562,-2.67889398576468,-1.6983018943512,-1.19524740322924,-0.715893932351336,0.222158076888069,1.00101116387379,3000
"theta[130]",0.821540281929449,0.763080779966506,-0.62552550754943,0.301424396213403,0.789486457212357,1.32436914215151,2.36855181838605,1.00311434014157,770
"theta[131]",0.930289145917626,0.742313924100247,-0.508247569348047,0.436572662530647,0.917206941064259,1.41864277810655,2.4071583399519,1.0037722824164,610
"theta[132]",0.211430275708907,0.759324068231869,-1.20830590825291,-0.306685056263369,0.183827972039096,0.73178928044502,1.7562024064128,1.00074343682605,3000
"theta[133]",-0.123786760562309,0.73944299985782,-1.54303718335068,-0.637501197281181,-0.1174860194129,0.381970946038901,1.3152266720065,1.00094143394981,3000
"theta[134]",-0.576505732009259,0.721443205291256,-1.96078451583555,-1.06606330155374,-0.568322482584845,-0.0894928246404387,0.837437065626382,1.00176343123815,1600
"theta[135]",-0.646353757742606,0.702795190789038,-2.04413450119655,-1.1060241103136,-0.659776956298693,-0.164068910423647,0.76258897250115,1.00217463842987,1200
"theta[136]",0.618680949365659,0.776816316741337,-0.841618119871264,0.0875163303969049,0.623564381704489,1.13319190697322,2.20748200003798,1.00092977338583,3000
"theta[137]",-0.172562333577647,0.745402752037932,-1.64560102021851,-0.677103453559427,-0.180822338228319,0.334336256847039,1.27702165967186,1.0013051416508,2500
"theta[138]",0.600552424969345,0.712397283908918,-0.774493899453642,0.116615740208681,0.603256146604811,1.0885831819955,2.00068635438734,1.00212186778885,1200
"theta[139]",-0.207136311600802,0.692263580879373,-1.5513735331658,-0.675915266691137,-0.207553945470861,0.254915630792333,1.18705908753081,1.00110678820308,3000
"theta[140]",0.719988687134688,0.748608323312543,-0.742602612710968,0.22066039062489,0.706136440936044,1.20183991400155,2.26100830654527,1.00144577591779,2100
"theta[141]",-0.659541939989657,0.702970121943197,-2.06118333778751,-1.10871766313113,-0.657638205279078,-0.190823689202322,0.695389099762819,1.00065730593281,3000
"theta[142]",-0.784072598733581,0.690613294076562,-2.15584327202556,-1.25247241830169,-0.790447440107529,-0.324576527350973,0.53214796678963,1.00105641598392,3000
"theta[143]",0.725434427708544,0.719849686770377,-0.642794676032704,0.23713283204682,0.710290976725781,1.23060547105847,2.15189058482835,1.00081161804937,3000
"theta[144]",0.704752969052926,0.739787378645171,-0.689786768066061,0.190909030409592,0.691792572082549,1.17706313654573,2.19141045763234,1.00089418590356,3000
"theta[145]",-0.759541102892191,0.739442731150572,-2.22130780796421,-1.25127877787972,-0.75392456496267,-0.267628528029597,0.666679832246784,1.00380521318654,610
"theta[146]",-0.672240134067406,0.726585815882404,-2.08631179598764,-1.17497087495403,-0.682361561868564,-0.175608404898335,0.760227079526494,1.00079995391779,3000
"theta[147]",-1.19890630211507,0.737219496631589,-2.64686681408711,-1.68943691663251,-1.18665060730957,-0.707426889844661,0.234749538017487,1.0031231927907,760
"theta[148]",1.2160442080569,0.759253622190327,-0.262080864972723,0.708816407897781,1.20784089899899,1.72682241872905,2.7052033391034,1.00097564773739,3000
"theta[149]",0.449064702049326,0.708462264570935,-0.917636821629962,-0.0360623499311472,0.443685008531791,0.92254402842531,1.8532474808013,1.00112650113361,3000
"theta[150]",-0.237743811388403,0.732363165264062,-1.67846221182198,-0.731195803433238,-0.229887342740644,0.258324922404433,1.23027126766099,1.00101252525821,3000
"xi[1,1]",4.808,0.457390134617136,3.97133499640978,5,5,5,5,1.02182115731577,200
"xi[2,1]",1.777,0.564544568825229,1,1,2,2,3,1.00104417540885,3000
"xi[3,1]",4.69966666666667,0.558184926668282,3,4,5,5,5,1.01414566379477,210
"xi[4,1]",1.71233333333333,0.518012871140391,1,1,2,2,3,1.0042886478755,530
"xi[5,1]",1.545,0.544739001902193,1,1,2,2,2,1.0023484300747,1100
"xi[6,1]",2.13233333333333,0.550383680978689,1,2,2,2,3,1.00049931551658,3000
"xi[7,1]",4.244,0.826654978100057,3,4,4,5,5,1.00645106486081,340
"xi[8,1]",4.098,0.869471866772604,3,3,4,5,5,1.01139408902592,190
"xi[9,1]",3.56866666666667,0.876854898901065,2,3,3,4,5,1.00421364149068,620
"xi[10,1]",4.271,0.828927845949974,3,4,5,5,5,1.00379136399902,610
"xi[11,1]",4.70566666666667,0.558991991210639,3,5,5,5,5,1.01117584772055,270
"xi[12,1]",2.47366666666667,0.600633117859518,2,2,2,3,3.0216539301894,1.00507242099439,440
"xi[13,1]",4.754,0.508169996735207,3,5,5,5,5,1.01689637629497,210
"xi[14,1]",4.282,0.819369547570058,3,4,5,5,5,1.00874812044025,240
"xi[15,1]",4.742,0.513994873752078,3,5,5,5,5,1.00640159764234,380
"xi[16,1]",4.58766666666667,0.654566554813526,3,4,5,5,5,1.005542567788,490
"xi[17,1]",1.424,0.509552628580959,1,1,1,2,2,1.0005534142846,3000
"xi[18,1]",4.671,0.583842979068918,3,4,5,5,5,1.03046574587833,110
"xi[19,1]",1.20133333333333,0.403549880920586,1,1,1,1,2,1.00179540783748,1500
"xi[20,1]",4.785,0.469945333209515,3,5,5,5,5,1.0118099326341,250
"xi[21,1]",1.02066666666667,0.142289508832041,1,1,1,1,1,1.00767653514552,3000
"xi[22,1]",4.71766666666667,0.542880707009287,3,5,5,5,5,1.00822106121624,360
"xi[23,1]",4.407,0.782019725849167,3,4,5,5,5,1.00637540664149,380
"xi[24,1]",1.605,0.546877217996741,1,1,2,2,3,1.00268698248928,920
"xi[25,1]",4.75166666666667,0.512592891789504,3,5,5,5,5,1.01871172622871,190
"xi[26,1]",2.83966666666667,0.6476364977619,2,2,3,3,4,1.00512469804101,600
"xi[27,1]",4.721,0.536583302523335,3,5,5,5,5,1.01619514349311,190
"xi[28,1]",4.65466666666667,0.597380819497404,3,4,5,5,5,1.01682833995578,240
"xi[29,1]",4.76366666666667,0.502557535924522,3,5,5,5,5,1.02255582982159,170
"xi[30,1]",4.11833333333333,0.848078397247673,3,3,4,5,5,1.00323535915925,780
"xi[31,1]",1.03166666666667,0.175140268337753,1,1,1,1,2,1.01353270955398,1100
"xi[32,1]",4.78,0.485467361951182,3,5,5,5,5,1.01069457735295,370
"xi[33,1]",2.59,0.604446125285613,2,2,3,3,4,1.00402396055748,570
"xi[34,1]",4.68666666666667,0.577292512022315,3,4,5,5,5,1.01105730752132,300
"xi[35,1]",1.96133333333333,0.506547548635432,1,2,2,2,3,1.00083294171964,3000
"xi[36,1]",1.40266666666667,0.505250414694937,1,1,1,2,2,1.00143297876243,2100
"xi[37,1]",4.81733333333333,0.438972802417921,4,5,5,5,5,1.02290959358943,190
"xi[38,1]",2.022,0.555234570678158,1,2,2,2,3,1.00417446940556,550
"xi[39,1]",4.83566666666667,0.417994571786409,4,5,5,5,5,1.02488708362258,190
"xi[40,1]",4.71033333333333,0.546985331802074,3,5,5,5,5,1.00407957179163,600
"xi[41,1]",2.02233333333333,0.499250410662229,1,2,2,2,3,1.00462477536219,550
"xi[42,1]",4.80866666666667,0.454745885261512,3,5,5,5,5,1.0104513366405,270
"xi[43,1]",2.17133333333333,0.519038877163896,1,2,2,2,3,1.00183778468875,1800
"xi[44,1]",4.71333333333333,0.548867902335003,3,5,5,5,5,1.01683214238618,190
"xi[45,1]",4.03833333333333,0.876234263415717,3,3,4,5,5,1.004894978408,460
"xi[46,1]",4.79033333333333,0.475165040970969,3,5,5,5,5,1.00535451916758,440
"xi[47,1]",4.01933333333333,0.874002774121425,3,3,4,5,5,1.00177928160365,1600
"xi[48,1]",2.45633333333333,0.552142653117851,2,2,2,3,3,1.00415732291532,550
"xi[49,1]",4.76533333333333,0.505651510468328,3,5,5,5,5,1.01263951092967,270
"xi[50,1]",4.717,0.546818681304331,3,5,5,5,5,1.01338556818084,250
"xi[51,1]",1.03833333333333,0.192031718601916,1,1,1,1,2,1.00744415718265,1700
"xi[52,1]",4.67533333333333,0.577958678713558,3,4,5,5,5,1.00429231743454,530
"xi[53,1]",4.19533333333333,0.837901494922854,3,4,4,5,5,1.00391473416946,590
"xi[54,1]",4.78033333333333,0.488015650685502,3,5,5,5,5,1.01414137872283,250
"xi[55,1]",4.23266666666667,0.836320931095724,3,4,4,5,5,1.00749927675412,290
"xi[56,1]",1.01566666666667,0.124202916003088,1,1,1,1,1,1.00529711576556,3000
"xi[57,1]",1.01866666666667,0.135367390210246,1,1,1,1,1,1.00065607643826,3000
"xi[58,1]",4.66266666666667,0.598603093969835,3,4,5,5,5,1.01212265462127,260
"xi[59,1]",4.737,0.531593701951642,3,5,5,5,5,1.01068209073586,330
"xi[60,1]",1.75366666666667,0.560735853251121,1,1,2,2,3,1.00209379138671,1300
"xi[61,1]",4.72933333333333,0.532447858914883,3,5,5,5,5,1.0162701920509,220
"xi[62,1]",4.22966666666667,0.825316265360242,3,4,4,5,5,1.00985246271511,230
"xi[63,1]",4.32566666666667,0.808182492924409,3,4,5,5,5,1.01052399898444,220
"xi[64,1]",4.823,0.430967412886779,4,5,5,5,5,1.03044783329435,140
"xi[65,1]",1.55933333333333,0.548859397084668,1,1,2,2,3,1.00322597681543,740
"xi[66,1]",1.227,0.422923107256568,1,1,1,1,2,1.0015331000555,1900
"xi[67,1]",2.50566666666667,0.604502299332976,2,2,2,3,4,1.00405247916056,560
"xi[68,1]",4.72133333333333,0.538307359996899,3,5,5,5,5,1.00587936369257,380
"xi[69,1]",4.81633333333333,0.438935200523922,4,5,5,5,5,1.00849214939404,310
"xi[70,1]",4.701,0.560092463666449,3,5,5,5,5,1.00290508889881,830
"xi[71,1]",2.62466666666667,0.63502701411707,2,2,3,3,4,1.00331105551893,960
"xi[72,1]",4.61966666666667,0.624881360307999,3,4,5,5,5,1.00782806034674,390
"xi[73,1]",4.01666666666667,0.882788381964405,3,3,4,5,5,1.0053371644787,420
"xi[74,1]",1.10633333333333,0.313676085239279,1,1,1,1,2,1.00623908067618,730
"xi[75,1]",4.67366666666667,0.583626674842247,3,4,5,5,5,1.00711395304647,340
"xi[76,1]",4.76033333333333,0.502305344495349,3,5,5,5,5,1.02246627697624,150
"xi[77,1]",3.508,0.843113048887515,2,3,3,4,5,1.00416349825113,550
"xi[78,1]",4.79833333333333,0.468049405124539,3,5,5,5,5,1.01626477546638,210
"xi[79,1]",1.566,0.540130768501815,1,1,2,2,2,1.0029352882756,820
"xi[80,1]",2.94433333333333,0.687065189833237,2,3,3,3,5,1.00315463243075,760
"xi[81,1]",1.00633333333333,0.0793430568004727,1,1,1,1,1,1.04045193779234,1800
"xi[82,1]",4.75933333333333,0.510718284978218,3,5,5,5,5,1.02935532101092,150
"xi[83,1]",4.29733333333333,0.819237413005846,3,4,5,5,5,1.007310361806,300
"xi[84,1]",4.71766666666667,0.541034929698573,3,5,5,5,5,1.00764887259999,350
"xi[85,1]",2.89233333333333,0.662485862537138,2,3,3,3,4,1.00561371396004,390
"xi[86,1]",4.788,0.479373827427135,3,5,5,5,5,1.02620197624807,150
"xi[87,1]",4.80433333333333,0.44957230858054,4,5,5,5,5,1.01479258812714,240
"xi[88,1]",2.616,0.623436891635888,2,2,3,3,4,1.00490383469314,460
"xi[89,1]",4.65033333333333,0.602373782309146,3,4,5,5,5,1.00741077519756,350
"xi[90,1]",4.24133333333333,0.832259439205671,3,4,4,5,5,1.00586218231387,380
"xi[91,1]",4.175,0.853591162456716,3,3,4,5,5,1.00436837066992,520
"xi[92,1]",1.543,0.540600051922595,1,1,2,2,2,1.00108768325472,3000
"xi[93,1]",4.438,0.764864479863929,3,4,5,5,5,1.01104718856442,230
"xi[94,1]",4.31133333333333,0.810734637498425,3,4,5,5,5,1.00593511352933,370
"xi[95,1]",1.637,0.512495740432367,1,1,2,2,2,1.00112703320047,3000
"xi[96,1]",4.75133333333333,0.514703664428651,3,5,5,5,5,1.01816883830496,210
"xi[97,1]",1.61733333333333,0.531971697415542,1,1,2,2,2,1.0053515212022,410
"xi[98,1]",1.066,0.248323488320411,1,1,1,1,2,1.00067101576432,3000
"xi[99,1]",1.374,0.495519101273175,1,1,1,2,2,1.00131525346184,2500
"xi[100,1]",4.75533333333333,0.5028808857811,3,5,5,5,5,1.01848486429719,200
"xi[101,1]",4.70266666666667,0.565419716117163,3,5,5,5,5,1.01568130181644,200
"xi[102,1]",4.70233333333333,0.560802450676811,3,5,5,5,5,1.01723401043037,170
"xi[103,1]",4.68033333333333,0.570018885124597,3,4,5,5,5,1.00621387338992,400
"xi[104,1]",4.725,0.541115454696842,3,5,5,5,5,1.0213157472695,150
"xi[105,1]",1.74733333333333,0.550388224760372,1,1,2,2,3,1.00303347918557,790
"xi[106,1]",1.60933333333333,0.553306670523774,1,1,2,2,3,1.00316737571826,750
"xi[107,1]",2.865,0.670018388961962,2,2,3,3,4,1.00578862442243,380
"xi[108,1]",4.39733333333333,0.788035461671516,3,4,5,5,5,1.01373451626316,190
"xi[109,1]",4.75133333333333,0.512105756972454,3,5,5,5,5,1.00964380517955,290
"xi[110,1]",1.02533333333333,0.157161664595712,1,1,1,1,2,1.01060966730729,1800
"xi[111,1]",4.67866666666667,0.575779526303132,3,4,5,5,5,1.01510592947236,180
"xi[112,1]",1.587,0.548815147405761,1,1,2,2,3,1.0049240956768,450
"xi[113,1]",2.92233333333333,0.686871035563,2,3,3,3,5,1.00716791477245,310
"xi[114,1]",2.574,0.606063614126539,2,2,3,3,4,1.01147006038796,180
"xi[115,1]",2.25566666666667,0.518707600433171,1,2,2,3,3,1.00549334728556,400
"xi[116,1]",4.79566666666667,0.465460460227899,3,5,5,5,5,1.01666258560264,200
"xi[117,1]",1.08733333333333,0.282369969759822,1,1,1,1,2,1.00621235200329,930
"xi[118,1]",1.607,0.515725693559085,1,1,2,2,2,1.00412040043339,550
"xi[119,1]",2.89133333333333,0.677503672288358,2,2,3,3,4,1.0064394628065,340
"xi[120,1]",4.70933333333333,0.543701596494713,3,5,5,5,5,1.02502163724766,140
"xi[121,1]",2.03566666666667,0.503135771030298,1,2,2,2,3,1.00168024511914,1700
"xi[122,1]",1.11466666666667,0.319717002794942,1,1,1,1,2,1.00064924505743,3000
"xi[123,1]",4.68233333333333,0.578099722065123,3,4,5,5,5,1.01496410598967,210
"xi[124,1]",2.44366666666667,0.6063132530377,1,2,2,3,3,1.00242582452398,1000
"xi[125,1]",2.283,0.52313372060103,1,2,2,3,3,1.00294131070548,820
"xi[126,1]",1.46066666666667,0.525875527648018,1,1,1,2,2,1.00344474429999,680
"xi[127,1]",4.68366666666667,0.568366873175296,3,4,5,5,5,1.01993739814797,150
"xi[128,1]",4.74833333333333,0.519378288749633,3,5,5,5,5,1.01545719500219,250
"xi[129,1]",1.24166666666667,0.439691177607774,1,1,1,1,2,1.001190370337,2900
"xi[130,1]",4.34833333333333,0.791121048297862,3,4,5,5,5,1.00574022375625,420
"xi[131,1]",4.80233333333333,0.461879132457712,3,5,5,5,5,1.01851551493406,190
"xi[132,1]",4.71633333333333,0.550121895815501,3,5,5,5,5,1.00983892007636,340
"xi[133,1]",1.985,0.516588767446167,1,2,2,2,3,1.00197944362162,1400
"xi[134,1]",1.28033333333333,0.455136175814522,1,1,1,2,2,1.00478580132102,480
"xi[135,1]",3.471,0.839877450213497,2,3,3,4,5,1.00153371118541,3000
"xi[136,1]",1.00733333333333,0.0853345351143562,1,1,1,1,1,1.00366433659033,3000
"xi[137,1]",4.11966666666667,0.863864558952556,3,3,4,5,5,1.00667804630011,330
"xi[138,1]",2.672,0.633416455002938,2,2,3,3,4,1.00510185733733,440
"xi[139,1]",4.656,0.589728689010645,3,4,5,5,5,1.01122130795123,250
"xi[140,1]",4.336,0.786962792520886,3,4,5,5,5,1.01228634031292,210
"xi[141,1]",1.80366666666667,0.543339944222048,1,1,2,2,3,1.00496606663631,450
"xi[142,1]",3.42,0.813113594712306,2,3,3,4,5,1.00310754761303,1800
"xi[143,1]",4.76566666666667,0.503493519452103,3,5,5,5,5,1.00726280874108,390
"xi[144,1]",4.32133333333333,0.816272210925783,3,4,5,5,5,1.00676737556573,350
"xi[145,1]",1.784,0.561648599852766,1,1,2,2,3,1.00211360676196,1200
"xi[146,1]",2.377,0.544949529770111,2,2,2,3,3,1.00532644311088,420
"xi[147,1]",1.32666666666667,0.478224272742998,1,1,1,2,2,1.0013104111753,2500
"xi[148,1]",4.82133333333333,0.440616541376286,4,5,5,5,5,1.02085745282353,210
"xi[149,1]",2.63833333333333,0.627424717514065,2,2,3,3,4,1.00749020704985,290
"xi[150,1]",1.95666666666667,0.501537039532372,1,2,2,2,3,1.00216010095916,1200
"xi[1,2]",4.768,0.493548913661782,3,5,5,5,5,1.01563540514953,230
"xi[2,2]",1.17366666666667,0.37976479034733,1,1,1,1,2,1.00103954427007,3000
"xi[3,2]",2.393,0.536016266369412,2,2,2,3,3,1.00859669399167,250
"xi[4,2]",4.678,0.584034558442522,3,4,5,5,5,1.00490487324738,480
"xi[5,2]",2.84266666666667,0.660347061503344,2,2,3,3,4,1.01127761845375,190
"xi[6,2]",4.62633333333333,0.624635850345945,3,4,5,5,5,1.01668487252181,170
"xi[7,2]",2.20833333333333,0.531373699222086,1,2,2,3,3,1.00446995476558,540
"xi[8,2]",1.83533333333333,0.506264413893057,1,2,2,2,3,1.00269607885454,910
"xi[9,2]",3.97333333333333,0.875334769793035,3,3,4,5,5,1.00262914723553,940
"xi[10,2]",4.13233333333333,0.866643859619025,3,3,4,5,5,1.00763899925916,310
"xi[11,2]",2.90033333333333,0.680603381231,2,2,3,3,4,1.00900331922721,260
"xi[12,2]",1.00933333333333,0.0961733087919766,1,1,1,1,1,1.00783845536186,3000
"xi[13,2]",1.25333333333333,0.438808697779155,1,1,1,2,2,1.00059743610719,3000
"xi[14,2]",4.67533333333333,0.578535325856002,3,4,5,5,5,1.01060657656486,270
"xi[15,2]",2.946,0.698507912936433,2,3,3,3,5,1.00939666572355,290
"xi[16,2]",1.106,0.308970043039502,1,1,1,1,2,1.00064870548289,3000
"xi[17,2]",2.90333333333333,0.676368770563431,2,3,3,3,4.02237671233826,1.01353804852503,160
"xi[18,2]",1.00433333333333,0.0656962268345424,1,1,1,1,1,1.03618629519729,3000
"xi[19,2]",2.736,0.652517631756607,2,2,3,3,4,1.00491795412105,580
"xi[20,2]",4.72366666666667,0.531727499382991,3,5,5,5,5,1.01104625127899,220
"xi[21,2]",4.60633333333333,0.634161343107509,3,4,5,5,5,1.00524049556456,470
"xi[22,2]",1.547,0.542729999125394,1,1,2,2,2,1.0014670844161,2100
"xi[23,2]",4.22833333333333,0.846031409151366,3,4,4,5,5,1.00785912931943,290
"xi[24,2]",4.663,0.59851238279375,3,4,5,5,5,1.01045571420341,240
"xi[25,2]",3.59866666666667,0.883095790357538,2,3,3,4,5,1.00418641858804,570
"xi[26,2]",1.002,0.0446840637720548,1,1,1,1,1,1.00049787805672,3000
"xi[27,2]",4.638,0.60861548145614,3,4,5,5,5,1.01987239527121,150
"xi[28,2]",1.491,0.518981805112677,1,1,1,2,2,1.00084933239441,3000
"xi[29,2]",4.70866666666667,0.554882137891648,3,5,5,5,5,1.00612125005182,360
"xi[30,2]",1.218,0.417772878558857,1,1,1,1,2,1.00150690868327,2000
"xi[31,2]",1.698,0.550360759552512,1,1,2,2,3,1.00287097578772,850
"xi[32,2]",4.694,0.566101425195052,3,4,5,5,5,1.00868257261337,300
"xi[33,2]",4.006,0.878761291327578,2,3,4,5,5,1.0052959353904,420
"xi[34,2]",1.002,0.0446840637720548,1,1,1,1,1,1.00049787805672,3000
"xi[35,2]",3.87666666666667,0.896134239058911,2,3,4,5,5,1.00185518058106,1500
"xi[36,2]",1.06533333333333,0.247154305321801,1,1,1,1,2,1.00052336487712,3000
"xi[37,2]",4.77333333333333,0.489253184402893,3,5,5,5,5,1.01539055088143,210
"xi[38,2]",1.03266666666667,0.177792272759457,1,1,1,1,2,1.00061045957511,3000
"xi[39,2]",4.77433333333333,0.488010184527218,3,5,5,5,5,1.01211178321905,290
"xi[40,2]",1.11133333333333,0.315655035742214,1,1,1,1,2,1.00344259130296,1200
"xi[41,2]",4.65666666666667,0.601311966383391,3,4,5,5,5,1.0128198632002,220
"xi[42,2]",4.76,0.497140875087965,3,5,5,5,5,1.01076878165359,290
"xi[43,2]",1.84566666666667,0.531609592158613,1,2,2,2,3,1.00300250190081,800
"xi[44,2]",4.66533333333333,0.587747143299771,3,4,5,5,5,1.01110553813589,240
"xi[45,2]",2.82566666666667,0.652750526596657,2,2,3,3,4,1.00394717999167,580
"xi[46,2]",4.719,0.54357228002159,3,5,5,5,5,1.01484801168332,230
"xi[47,2]",1.144,0.35680027393276,1,1,1,1,2,1.00293379391873,1100
"xi[48,2]",2.47333333333333,0.598950584625446,2,2,2,3,4,1.0053008097632,420
"xi[49,2]",3.037,0.718194217681706,2,3,3,3,5,1.01099756067928,250
"xi[50,2]",2.57666666666667,0.611757281291058,2,2,3,3,4,1.00436151971148,520
"xi[51,2]",2.79966666666667,0.649877426221227,2,2,3,3,4,1.00528091512953,420
"xi[52,2]",1.03966666666667,0.195207387659777,1,1,1,1,2,1.00068330290165,3000
"xi[53,2]",2.533,0.611857109986485,2,2,3,3,4,1.00307694957983,780
"xi[54,2]",3.00966666666667,0.719081994764125,2,3,3,3,5,1.00437823211644,550
"xi[55,2]",2.55633333333333,0.6182938767244,2,2,3,3,4,1.00422303082262,610
"xi[56,2]",3.403,0.817810453576699,2,3,3,4,5,1.00233245365085,1100
"xi[57,2]",2.44166666666667,0.593336249404311,1,2,2,3,3,1.00227569670853,1100
"xi[58,2]",1.51866666666667,0.551742417667919,1,1,1,2,3,1.001665247596,1700
"xi[59,2]",4.11966666666667,0.859608165166798,3,3,4,5,5,1.00698541076071,310
"xi[60,2]",1.92833333333333,0.54768958073697,1,2,2,2,3,1.00079087859898,3000
"xi[61,2]",4.64933333333333,0.595385911559427,3,4,5,5,5,1.01185468565809,260
"xi[62,2]",1.81966666666667,0.556102183747266,1,1,2,2,3,1.00107559479654,3000
"xi[63,2]",4.70266666666667,0.559491345548916,3,5,5,5,5,1.01699053728565,190
"xi[64,2]",4.33866666666667,0.7967746474601,3,4,5,5,5,1.00648971867389,340
"xi[65,2]",1.68133333333333,0.535923464879976,1,1,2,2,3,1.00152026997444,2000
"xi[66,2]",1.006,0.0772398126802987,1,1,1,1,1,1.00415162033193,3000
"xi[67,2]",1.167,0.377480900987326,1,1,1,1,2,1.00056418242679,3000
"xi[68,2]",1.529,0.530332679472963,1,1,2,2,2,1.00565097929554,390
"xi[69,2]",4.76233333333333,0.501263381082866,3,5,5,5,5,1.02087568874896,210
"xi[70,2]",3.55166666666667,0.860761790029786,2,3,3,4,5,1.00456430775217,490
"xi[71,2]",4.675,0.576326629723148,3,4,5,5,5,1.00858398775122,380
"xi[72,2]",1.028,0.167008873979786,1,1,1,1,2,1.01349741213287,1300
"xi[73,2]",1.98866666666667,0.556154647155573,1,2,2,2,3,1.00084218569836,3000
"xi[74,2]",1.134,0.341686381341718,1,1,1,1,2,1.00094161463659,3000
"xi[75,2]",1.51466666666667,0.535923464879976,1,1,1,2,2,1.00124517124178,2700
"xi[76,2]",4.18266666666667,0.842735401262501,3,3,4,5,5,1.00576036153514,380
"xi[77,2]",2.84933333333333,0.662907261664917,2,2,3,3,4,1.00385042729651,640
"xi[78,2]",4.732,0.531290965507611,3,5,5,5,5,1.01208327615562,230
"xi[79,2]",2.299,0.56306128678048,1,2,2,3,3,1.00106370875373,3000
"xi[80,2]",1.04966666666667,0.218820740320367,1,1,1,1,2,1.009999600669,1000
"xi[81,2]",2.039,0.531262408403036,1,2,2,2,3,1.00223751861456,1200
"xi[82,2]",4.14333333333333,0.856952163907627,3,3,4,5,5,1.00458216874374,580
"xi[83,2]",4.17233333333333,0.854914136984583,3,3,4,5,5,1.00313531582986,760
"xi[84,2]",3.47566666666667,0.856145753209776,2,3,3,4,5,1.005946922394,500
"xi[85,2]",4.57833333333333,0.659299209290703,3,4,5,5,5,1.00556799221766,480
"xi[86,2]",4.72633333333333,0.548519382878448,3,5,5,5,5,1.0215713897454,160
"xi[87,2]",4.291,0.811503858794037,3,4,5,5,5,1.00402863231808,570
"xi[88,2]",4.64466666666667,0.616872541778139,3,4,5,5,5,1.00698527457232,340
"xi[89,2]",1.237,0.432311574869239,1,1,1,1,2,1.00185665729092,1500
"xi[90,2]",2.96833333333333,0.697251228262807,2,3,3,3,5,1.00819099025466,320
"xi[91,2]",4.605,0.638574656975082,3,4,5,5,5,1.00559431058527,430
"xi[92,2]",1.47266666666667,0.526635867877101,1,1,1,2,2,1.00113609454144,3000
"xi[93,2]",4.748,0.515025323352711,3,5,5,5,5,1.01888823608663,180
"xi[94,2]",4.67466666666667,0.580462919822893,3,4,5,5,5,1.01648240472445,170
"xi[95,2]",2.86666666666667,0.679982608359542,2,2,3,3,4,1.00556823924301,400
"xi[96,2]",1.66266666666667,0.512146125085444,1,1,2,2,2,1.00177787346875,1600
"xi[97,2]",1.468,0.512246814468355,1,1,1,2,2,1.00222014022513,1200
"xi[98,2]",1.12033333333333,0.32744815821897,1,1,1,1,2,1.00073033628904,3000
"xi[99,2]",2.10033333333333,0.518674171827615,1,2,2,2,3,1.00269594246733,910
"xi[100,2]",4.686,0.571121172021353,3,4,5,5,5,1.00876125895654,390
"xi[101,2]",2.538,0.595545317118337,2,2,3,3,4,1.00357708719811,650
"xi[102,2]",2.53433333333333,0.596886348752143,2,2,3,3,4,1.00424884450672,540
"xi[103,2]",3.29733333333333,0.842513797348029,2,3,3,4,5,1.01269375033794,170
"xi[104,2]",1.85366666666667,0.544994399225611,1,2,2,2,3,1.001590751844,1800
"xi[105,2]",3.29733333333333,0.804036720080599,2,3,3,4,5,1.00175966961375,3000
"xi[106,2]",4.688,0.577437279079229,3,4,5,5,5,1.01682094176437,180
"xi[107,2]",2.76233333333333,0.668328843736384,2,2,3,3,4,1.00608985774343,390
"xi[108,2]",4.23166666666667,0.839979609357831,3,4,4,5,5,1.00538850759752,430
"xi[109,2]",4.674,0.582383370409942,3,4,5,5,5,1.01257144729547,220
"xi[110,2]",4.637,0.611573659325073,3,4,5,5,5,1.01020311922679,270
"xi[111,2]",3.971,0.876212445367259,2,3,4,5,5,1.00207803274492,1300
"xi[112,2]",4.589,0.65438653759089,3,4,5,5,5,1.00846895787921,300
"xi[113,2]",2.853,0.663479013584571,2,2,3,3,4,1.01090624173179,240
"xi[114,2]",1.01766666666667,0.131758651846223,1,1,1,1,1,1.00735377011081,3000
"xi[115,2]",4.63633333333333,0.612811881158853,3,4,5,5,5,1.010545071029,240
"xi[116,2]",4.22466666666667,0.835318786280899,3,4,4,5,5,1.00779572997261,300
"xi[117,2]",2.70933333333333,0.634807489773012,2,2,3,3,4,1.00430913594377,740
"xi[118,2]",1.451,0.519315796311615,1,1,1,2,2,1.00077964009357,3000
"xi[119,2]",1.53733333333333,0.51771507465181,1,1,2,2,2,1.00079245160665,3000
"xi[120,2]",2.92533333333333,0.677675908603261,2,3,3,3,4,1.00377023481879,610
"xi[121,2]",4.67233333333333,0.585732233737199,3,4,5,5,5,1.00742427259667,400
"xi[122,2]",4.55333333333333,0.675258627213873,3,4,5,5,5,1.01053500662546,240
"xi[123,2]",1.92766666666667,0.492458520101164,1,2,2,2,3,1.00513885364478,440
"xi[124,2]",1.01,0.0995153309815467,1,1,1,1,1,1.01119090639217,3000
"xi[125,2]",4.121,0.857479304076182,3,3,4,5,5,1.00863423305739,250
"xi[126,2]",1.05266666666667,0.224892005994749,1,1,1,1,2,1.00066561033419,3000
"xi[127,2]",1.787,0.563089711627831,1,1,2,2,3,1.00199577086068,1300
"xi[128,2]",4.17166666666667,0.855827885351568,3,3,4,5,5,1.00261683418527,950
"xi[129,2]",1.03533333333333,0.18465171081523,1,1,1,1,2,1.01806338132729,770
"xi[130,2]",3.02666666666667,0.722585357418167,2,3,3,3,5,1.00495054941971,630
"xi[131,2]",4.73266666666667,0.525317245378117,3,5,5,5,5,1.009693601445,330
"xi[132,2]",2.938,0.680914004330771,2,3,3,3,5,1.00751081106025,310
"xi[133,2]",1.227,0.420551171396047,1,1,1,1,2,1.00076681294547,3000
"xi[134,2]",3.21533333333333,0.800736295601692,2,3,3,4,5,1.00965142104299,340
"xi[135,2]",1.725,0.565226940114568,1,1,2,2,3,1.00233451648804,1100
"xi[136,2]",4.69466666666667,0.564692702424613,3,4,5,5,5,1.01034455233526,250
"xi[137,2]",1.596,0.524285823962848,1,1,2,2,2,1.00172801695364,1600
"xi[138,2]",4.677,0.583767586343191,3,4,5,5,5,1.00832287621133,380
"xi[139,2]",2.482,0.613026318430971,2,2,2,3,4,1.00305205482369,790
"xi[140,2]",4.72166666666667,0.537550192036559,3,5,5,5,5,1.00828107441716,310
"xi[141,2]",1.15733333333333,0.366912019925319,1,1,1,1,2,1.00084432572173,3000
"xi[142,2]",1.07833333333333,0.268740201658686,1,1,1,1,2,1.00453348013849,1400
"xi[143,2]",4.69166666666667,0.57099845472703,3,4,5,5,5,1.01082180686793,280
"xi[144,2]",3.01333333333333,0.708982680349739,2,3,3,3,5,1.00431558884917,860
"xi[145,2]",1.263,0.450072425722941,1,1,1,2,2,1.00165026346474,1700
"xi[146,2]",1.039,0.193627211842039,1,1,1,1,2,1.00527207560085,2300
"xi[147,2]",1.07533333333333,0.265232611748632,1,1,1,1,2,1.00376947601428,1800
"xi[148,2]",4.75766666666667,0.504340502044888,3,5,5,5,5,1.00694967113124,420
"xi[149,2]",4.69,0.576203670782656,3,4,5,5,5,1.01249087560653,240
"xi[150,2]",3.26466666666667,0.799686222781905,2,3,3,4,5,1.00810747344837,260
"xi[1,3]",4.70233333333333,0.56435868245562,3,5,5,5,5,1.02182050049848,180
"xi[2,3]",1.176,0.382630546844419,1,1,1,1,2,1.00530113538183,610
"xi[3,3]",1.121,0.330245394628839,1,1,1,1,2,1.00106214356872,3000
"xi[4,3]",4.63033333333333,0.614116385712531,3,4,5,5,5,1.01013505411809,290
"xi[5,3]",3.85966666666667,0.890451677681417,2,3,4,5,5,1.01198289109253,180
"xi[6,3]",3.94466666666667,0.882721901208895,2,3,4,5,5,1.00262295247521,940
"xi[7,3]",2.896,0.677744134884833,2,2,3,3,5,1.00913799242953,320
"xi[8,3]",3.90266666666667,0.885129391804178,2,3,4,5,5,1.00454869731335,500
"xi[9,3]",2.26566666666667,0.557845515737734,1,2,2,3,3,1.0023626421547,3000
"xi[10,3]",2.87133333333333,0.579847937048087,2,3,3,3,4,1.01023124098477,250
"xi[11,3]",1.00533333333333,0.0728468103269719,1,1,1,1,1,1.0130442292305,3000
"xi[12,3]",2.341,0.606224520610802,1,2,2,3,3,1.0032837918914,750
"xi[13,3]",4.62433333333333,0.620754649063273,3,4,5,5,5,1.0102159810896,260
"xi[14,3]",1.81833333333333,0.555667896462694,1,1,2,2,3,1.00113737081067,3000
"xi[15,3]",1.51166666666667,0.535374726325482,1,1,1,2,2,1.00817932261745,260
"xi[16,3]",1.00333333333333,0.0576483304085081,1,1,1,1,1,1.00449495887089,3000
"xi[17,3]",4.58333333333333,0.641243027067073,3,4,5,5,5,1.00301651012184,960
"xi[18,3]",2.82,0.642186993570853,2,2,3,3,4,1.00557426743741,470
"xi[19,3]",1.29433333333333,0.464513882036289,1,1,1,2,2,1.00063619423333,3000
"xi[20,3]",2.47666666666667,0.54487416116573,2,2,2,3,3,1.00315009649057,760
"xi[21,3]",1.466,0.530035513793143,1,1,1,2,2,1.00342835724425,680
"xi[22,3]",4.00733333333333,0.88367028916269,3,3,4,5,5,1.00467584541827,480
"xi[23,3]",4.13933333333333,0.853324250396253,3,3,4,5,5,1.00612516189442,360
"xi[24,3]",4.62133333333333,0.62615938925256,3,4,5,5,5,1.00966859311708,270
"xi[25,3]",2.568,0.62249913123591,2,2,3,3,4,1.00269587843105,910
"xi[26,3]",1.01366666666667,0.116122279014193,1,1,1,1,1,1.00163201399321,3000
"xi[27,3]",1.00466666666667,0.068164783440249,1,1,1,1,1,1.01704946617386,3000
"xi[28,3]",2.12466666666667,0.517572071475989,1,2,2,2,3,1.00095891459453,3000
"xi[29,3]",2.55866666666667,0.615915042303185,2,2,3,3,4,1.00889520329584,240
"xi[30,3]",1.08166666666667,0.275116554563856,1,1,1,1,2,1.00066047136582,3000
"xi[31,3]",2.345,0.602851122991543,1,2,2,3,3,1.00099874741657,3000
"xi[32,3]",4.64,0.598207838079024,3,4,5,5,5,1.01739788708048,170
"xi[33,3]",2.14166666666667,0.506309528518321,1,2,2,2,3,1.00299928935062,800
"xi[34,3]",3.922,0.895274541971251,2,3,4,5,5,1.00660596213654,330
"xi[35,3]",1.166,0.373930396349068,1,1,1,1,2,1.00110268380547,3000
"xi[36,3]",2.67533333333333,0.635132022851186,2,2,3,3,4,1.00626455833961,350
"xi[37,3]",4.19133333333333,0.837232668818014,3,4,4,5,5,1.00651934080534,380
"xi[38,3]",1.58933333333333,0.559276752348479,1,1,2,2,3,1.00166067944304,1700
"xi[39,3]",4.729,0.541285503838367,3,5,5,5,5,1.00922296895712,360
"xi[40,3]",3.44266666666667,0.854959964600241,2,3,3,4,5,1.00079143779624,3000
"xi[41,3]",3.47633333333333,0.844794520272662,2,3,3,4,5,1.00484453016565,460
"xi[42,3]",4.17533333333333,0.848625325965575,3,3,4,5,5,1.00309558787447,790
"xi[43,3]",1.80833333333333,0.531373699222086,1,1,2,2,3,1.00132711810719,2400
"xi[44,3]",1.24133333333333,0.433383005164343,1,1,1,1,2,1.00286953458545,850
"xi[45,3]",1.00733333333333,0.0853345351143562,1,1,1,1,1,1.01285280628331,3000
"xi[46,3]",3.436,0.862255856298218,2,3,3,4,5,1.00958225736533,250
"xi[47,3]",2.77333333333333,0.680276767977004,2,2,3,3,4,1.00245408552028,1000
"xi[48,3]",1.386,0.499086193968206,1,1,1,2,2,1.00484330439609,460
"xi[49,3]",4.646,0.602332910422738,3,4,5,5,5,1.01528760310944,210
"xi[50,3]",1.94833333333333,0.514864626949243,1,2,2,2,3,1.00321262140684,990
"xi[51,3]",1.397,0.513301886101566,1,1,1,2,2,1.00189089834211,1400
"xi[52,3]",1.059,0.235663982195345,1,1,1,1,2,1.00740590089783,1100
"xi[53,3]",2.47533333333333,0.613338093355649,2,2,2,3,4,1.00339262637628,690
"xi[54,3]",4.66833333333333,0.582331743059928,3,4,5,5,5,1.00999015731378,290
"xi[55,3]",2.17766666666667,0.510739503565555,1,2,2,2,3,1.00162400577824,1800
"xi[56,3]",3.878,0.887719183328536,2,3,4,5,5,1.001727086955,1600
"xi[57,3]",2.672,0.625470279888401,2,2,3,3,4,1.00748902817034,290
"xi[58,3]",1.13366666666667,0.343277101787695,1,1,1,1,2,1.01070315312983,390
"xi[59,3]",1.04166666666667,0.199859626185352,1,1,1,1,2,1.00556134649614,2100
"xi[60,3]",1.03266666666667,0.177792272759457,1,1,1,1,2,1.00893150727702,1700
"xi[61,3]",1.00733333333333,0.0853345351143562,1,1,1,1,1,1.03624692212051,1800
"xi[62,3]",3.439,0.834971891355103,2,3,3,4,5,1.00233388408761,2400
"xi[63,3]",2.56366666666667,0.602827523063667,2,2,3,3,4,1.0018288139418,1500
"xi[64,3]",4.70833333333333,0.544698192515083,3,5,5,5,5,1.01308641245155,240
"xi[65,3]",4.54233333333333,0.673566962550794,3,4,5,5,5,1.006309384543,390
"xi[66,3]",1.111,0.316299987186159,1,1,1,1,2,1.00093414507617,3000
"xi[67,3]",1.318,0.476394427496988,1,1,1,2,2,1.0005348764787,3000
"xi[68,3]",4.62766666666667,0.61141297895326,3,4,5,5,5,1.01608761680965,170
"xi[69,3]",4.72066666666667,0.541051877919689,3,5,5,5,5,1.01107604605385,330
"xi[70,3]",1.49833333333333,0.538603676366603,1,1,1,2,2,1.00223462594163,1200
"xi[71,3]",4.598,0.637075051732928,3,4,5,5,5,1.01152438339943,210
"xi[72,3]",1.01366666666667,0.116122279014193,1,1,1,1,1,1.01943929035224,1800
"xi[73,3]",1.21533333333333,0.420742078778088,1,1,1,1,2,1.00187881196974,1500
"xi[74,3]",1.26666666666667,0.457119833015517,1,1,1,2,2,1.00060664733831,3000
"xi[75,3]",1.111,0.317352439500553,1,1,1,1,2,1.00084728287548,3000
"xi[76,3]",2.09466666666667,0.53522616207582,1,2,2,2,3,1.00099045727737,3000
"xi[77,3]",1.032,0.176029340668704,1,1,1,1,2,1.00485148984435,3000
"xi[78,3]",3.00266666666667,0.724914746264694,2,3,3,3,5,1.01002250140356,250
"xi[79,3]",4.55033333333333,0.672024623497595,3,4,5,5,5,1.01011181757226,230
"xi[80,3]",2.42766666666667,0.591792160764855,1,2,2,3,3,1.00581786812531,380
"xi[81,3]",1.11433333333333,0.321396412716328,1,1,1,1,2,1.00050773621024,3000
"xi[82,3]",2.191,0.495244810648388,1,2,2,2,3,1.00150261412561,2000
"xi[83,3]",2.63866666666667,0.55154899237138,2,2,3,3,4,1.0100444181104,210
"xi[84,3]",2.317,0.570338579586829,1,2,2,3,3,1.00330286946722,830
"xi[85,3]",1.11733333333333,0.328027574428458,1,1,1,1,2,1.00750696287402,580
"xi[86,3]",2.97,0.696128483079801,2,3,3,3,5,1.00389806339905,590
"xi[87,3]",4.697,0.569765341330441,3,5,5,5,5,1.01840381444795,190
"xi[88,3]",3.43566666666667,0.826290187553322,2,3,3,4,5,1.00324205311126,730
"xi[89,3]",3.34766666666667,0.8320809306275,2,3,3,4,5,1.00280874079627,1400
"xi[90,3]",4.61733333333333,0.633798171552251,3,4,5,5,5,1.0099508022337,310
"xi[91,3]",1.482,0.533951653357032,1,1,1,2,2,1.00303362424913,790
"xi[92,3]",3.30466666666667,0.803778727202325,2,3,3,4,5,1.00397459598848,1700
"xi[93,3]",4.69633333333333,0.559962267897917,3,4,5,5,5,1.01124469451512,270
"xi[94,3]",4.63366666666667,0.612311084207614,3,4,5,5,5,1.01011002114673,290
"xi[95,3]",2.12766666666667,0.507398962150252,1,2,2,2,3,1.00460104001673,490
"xi[96,3]",4.63766666666667,0.614144619309408,3,4,5,5,5,1.01026882590739,260
"xi[97,3]",1.053,0.22555403981077,1,1,1,1,2,1.00066528113986,3000
"xi[98,3]",1.18566666666667,0.390613297868509,1,1,1,1,2,1.00133545766751,2400
"xi[99,3]",3.13366666666667,0.790363701394733,2,3,3,3,5,1.00446789784708,670
"xi[100,3]",1.006,0.0772398126802987,1,1,1,1,1,1.00049787805672,3000
"xi[101,3]",3.942,0.88443771781411,2,3,4,5,5,1.00410065776691,560
"xi[102,3]",1.91633333333333,0.509332598067354,1,2,2,2,3,1.00051696662163,3000
"xi[103,3]",1.88133333333333,0.527267382377982,1,2,2,2,3,1.00304185663313,810
"xi[104,3]",3.447,0.844252284948174,2,3,3,4,5,1.00283713709244,860
"xi[105,3]",1.00266666666667,0.0515794762447117,1,1,1,1,1,1.08840813654731,1800
"xi[106,3]",4.64066666666667,0.600277435765207,3,4,5,5,5,1.00329087029275,720
"xi[107,3]",1.00433333333333,0.0656962268345424,1,1,1,1,1,1.03618629519729,3000
"xi[108,3]",4.158,0.852023854252962,3,3,4,5,5,1.00271263520341,910
"xi[109,3]",1.039,0.193627211842039,1,1,1,1,2,1.00198096769522,3000
"xi[110,3]",2.873,0.673564322317302,2,2,3,3,4,1.00276732814291,880
"xi[111,3]",1.455,0.524150020905089,1,1,1,2,2,1.00426621381436,530
"xi[112,3]",1.747,0.5547614382938,1,1,2,2,3,1.00132044858279,2400
"xi[113,3]",2.309,0.535052421448496,1,2,2,3,3,1.0028749133592,840
"xi[114,3]",2.431,0.599465417069315,1,2,2,3,3,1.00333464756818,710
"xi[115,3]",2.32333333333333,0.565298218861194,1,2,2,3,3,1.0036197865222,860
"xi[116,3]",3.58933333333333,0.864639861205472,2,3,3,4,5,1.00179770940975,1500
"xi[117,3]",1.04833333333333,0.214505383946735,1,1,1,1,2,1.00298528359168,3000
"xi[118,3]",1.91866666666667,0.553311491619149,1,2,2,2,3,1.00605959456068,370
"xi[119,3]",1.00166666666667,0.0407975943341848,1,1,1,1,1,1.07130021927151,3000
"xi[120,3]",2.59266666666667,0.555742001243567,2,2,3,3,4,1.01054774212482,200
"xi[121,3]",4.654,0.599780998155646,3,4,5,5,5,1.0024153501613,1000
"xi[122,3]",2.3,0.53363057183386,1,2,2,3,3,1.00770483080074,280
"xi[123,3]",3.91633333333333,0.891589329642932,2,3,4,5,5,1.00587889536165,370
"xi[124,3]",1.12333333333333,0.331902006425861,1,1,1,1,2,1.00236472139303,1500
"xi[125,3]",4.03466666666667,0.876957566674012,3,3,4,5,5,1.00602330165694,360
"xi[126,3]",1.99466666666667,0.537340178140971,1,2,2,2,3,1.00229827317748,1100
"xi[127,3]",1.214,0.415846497444043,1,1,1,1,2,1.00065295043973,3000
"xi[128,3]",2.94033333333333,0.697807662659928,2,3,3,3,5,1.00151617189591,2000
"xi[129,3]",1.218,0.417772878558857,1,1,1,1,2,1.00095206110962,3000
"xi[130,3]",4.65066666666667,0.595049788089751,3,4,5,5,5,1.00489387525935,460
"xi[131,3]",4.68366666666667,0.578254282209698,3,4,5,5,5,1.01099686096689,240
"xi[132,3]",4.62,0.628541980836516,3,4,5,5,5,1.00481938902549,540
"xi[133,3]",4.553,0.669333252075609,3,4,5,5,5,1.01058147307136,250
"xi[134,3]",3.29533333333333,0.811786848984972,2,3,3,4,5,1.00340322049095,2500
"xi[135,3]",1.824,0.537078657642278,1,2,2,2,3,1.00280244838398,870
"xi[136,3]",4.654,0.605314905960905,3,4,5,5,5,1.01587724709994,200
"xi[137,3]",4.56,0.67073340041441,3,4,5,5,5,1.00681120549209,330
"xi[138,3]",3.52433333333333,0.847927404036687,2,3,3,4,5,1.00089871232576,3000
"xi[139,3]",1.00633333333333,0.0793430568004727,1,1,1,1,1,1.07575833546022,930
"xi[140,3]",2.959,0.696285816299116,2,3,3,3,5,1.002295474553,1100
"xi[141,3]",3.839,0.891072576605815,2,3,4,5,5,1.00235739478073,1100
"xi[142,3]",2.27733333333333,0.528374187468392,1,2,2,3,3,1.00577703544431,380
"xi[143,3]",2.57,0.608733810695689,2,2,3,3,4,1.00710160442996,310
"xi[144,3]",4.10333333333333,0.859981828376198,3,3,4,5,5,1.00295745626687,820
"xi[145,3]",1.01266666666667,0.111849865234637,1,1,1,1,1,1.00618040510352,3000
"xi[146,3]",4.52,0.695529477269835,3,4,5,5,5,1.01463102525301,190
"xi[147,3]",1.118,0.325747402839714,1,1,1,1,2,1.00153736434525,2600
"xi[148,3]",4.21566666666667,0.840668462223177,3,4,4,5,5,1.00707490598815,310
"xi[149,3]",4.62166666666667,0.630340912081738,3,4,5,5,5,1.00956521957106,280
"xi[150,3]",1.05366666666667,0.226870842144219,1,1,1,1,2,1.01272976572487,770
"xi[1,4]",4.394,0.783348716560668,3,4,5,5,5,1.00779511808099,300
"xi[2,4]",2.791,0.653805389364746,2,2,3,3,4,1.0062562212855,850
"xi[3,4]",4.09233333333333,0.860264246465471,3,3,4,5,5,1.00480686717614,470
"xi[4,4]",4.73166666666667,0.530180081854541,3,5,5,5,5,1.02059531564637,160
"xi[5,4]",1.795,0.549917390504058,1,1,2,2,3,1.0073970704207,310
"xi[6,4]",2.08833333333333,0.537860254564358,1,2,2,2,3,1.00081846309927,3000
"xi[7,4]",4.694,0.567865732807353,3,4,5,5,5,1.01484272668998,240
"xi[8,4]",1.25166666666667,0.437867329398918,1,1,1,1.18920711500272,2,1.00135987135799,2300
"xi[9,4]",1.10733333333333,0.31386683963091,1,1,1,1,2,1.00428944658331,1200
"xi[10,4]",4.215,0.847553999810158,3,4,4,5,5,1.00912790692635,290
"xi[11,4]",4.07033333333333,0.865044886951559,3,3,4,5,5,1.00501175148438,490
"xi[12,4]",1.03166666666667,0.175140268337753,1,1,1,1,2,1.00535084929915,2800
"xi[13,4]",4.73066666666667,0.529987280722973,3,5,5,5,5,1.00814965052649,380
"xi[14,4]",4.217,0.836347710284125,3,4,4,5,5,1.00376645835244,610
"xi[15,4]",4.67866666666667,0.5740395422102,3,4,5,5,5,1.02168515687,140
"xi[16,4]",1.56433333333333,0.519568288059944,1,1,2,2,2,1.00156384471854,1900
"xi[17,4]",2.952,0.705593334708217,2,3,3,3,5,1.00787010176212,560
"xi[18,4]",2.52533333333333,0.610040112234488,2,2,3,3,4,1.00448621859406,500
"xi[19,4]",1.01233333333333,0.110386973794692,1,1,1,1,1,1.01308820743297,3000
"xi[20,4]",4.75866666666667,0.510403493454867,3,5,5,5,5,1.03196730259409,130
"xi[21,4]",4.63466666666667,0.61805519140993,3,4,5,5,5,1.01594484843935,230
"xi[22,4]",3.585,0.855386206256537,2,3,3,4,5,1.00112591866643,3000
"xi[23,4]",4.75833333333333,0.503337201421672,3,5,5,5,5,1.02260941654222,150
"xi[24,4]",3.49433333333333,0.8893245685828,2,3,3,4,5,1.00361523552611,640
"xi[25,4]",4.71933333333333,0.544051057107513,3,5,5,5,5,1.01061871284573,290
"xi[26,4]",2.42266666666667,0.595654673771376,1,2,2,3,3,1.00431901295092,580
"xi[27,4]",2.96433333333333,0.70561593909628,2,3,3,3,5,1.00718068681627,470
"xi[28,4]",2.97666666666667,0.700204006538437,2,3,3,3,5,1.00437224941736,670
"xi[29,4]",4.247,0.813763932136187,3,4,4,5,5,1.00952949477705,230
"xi[30,4]",4.60133333333333,0.642289447316084,3,4,5,5,5,1.00866591454978,300
"xi[31,4]",1.89733333333333,0.517895382709062,1,2,2,2,3,1.00317636872495,750
"xi[32,4]",1.69433333333333,0.510870060088656,1,1,2,2,2,1.00053994836725,3000
"xi[33,4]",2.94233333333333,0.677121889746162,2,3,3,3,5,1.0088611163437,350
"xi[34,4]",2.971,0.707808352749109,2,3,3,3,5,1.00254968206086,980
"xi[35,4]",1.91833333333333,0.529550781542526,1,2,2,2,3,1.0005947811159,3000
"xi[36,4]",1.011,0.104319832929861,1,1,1,1,1,1.00922583648115,3000
"xi[37,4]",4.789,0.481549197773837,3,5,5,5,5,1.01712235323717,230
"xi[38,4]",1.529,0.529073693346208,1,1,2,2,2,1.00079037113658,3000
"xi[39,4]",4.80666666666667,0.456097464570843,4,5,5,5,5,1.02143216225026,200
"xi[40,4]",4.12866666666667,0.856167368612342,3,3,4,5,5,1.00320254287199,740
"xi[41,4]",4.191,0.840686971982807,3,3,4,5,5,1.00387150223992,600
"xi[42,4]",4.78933333333333,0.475073454479697,3,5,5,5,5,1.02067703479707,190
"xi[43,4]",1.747,0.554160053102728,1,1,2,2,3,1.00156810168364,1900
"xi[44,4]",3.47333333333333,0.859574610912939,2,3,3,4,5,1.00469546278446,530
"xi[45,4]",1.49466666666667,0.526685251999503,1,1,1,2,2,1.00198565039759,1300
"xi[46,4]",4.31366666666667,0.812506376031959,3,4,5,5,5,1.00869502901303,280
"xi[47,4]",1.37633333333333,0.494760701355808,1,1,1,2,2,1.00209264225195,1300
"xi[48,4]",3.45733333333333,0.85191244101606,2,3,3,4,5,1.00250221227199,1000
"xi[49,4]",4.26666666666667,0.829327931014792,3,4,4,5,5,1.00947937421443,230
"xi[50,4]",4.68766666666667,0.57407119895478,3,4,5,5,5,1.01048270599362,290
"xi[51,4]",2.82266666666667,0.661840035783983,2,2,3,3,4,1.00444153734622,510
"xi[52,4]",4.632,0.620782670270283,3,4,5,5,5,1.01402656456614,210
"xi[53,4]",3.52633333333333,0.8423437955563,2,3,3,4,5,1.00093568454644,3000
"xi[54,4]",4.28166666666667,0.820094348516709,3,4,5,5,5,1.00484522484228,460
"xi[55,4]",4.673,0.574613835852785,3,4,5,5,5,1.00899290967833,260
"xi[56,4]",1.63133333333333,0.534958206139814,1,1,2,2,3,1.0006498949277,3000
"xi[57,4]",2.59966666666667,0.554528980023092,2,2,3,3,4,1.01543005089716,140
"xi[58,4]",4.62033333333333,0.619393067025602,3,4,5,5,5,1.00999344912611,230
"xi[59,4]",4.68966666666667,0.564623315776511,3,4,5,5,5,1.00777885680152,380
"xi[60,4]",1.85933333333333,0.519906712675954,1,2,2,2,3,1.00414733748073,660
"xi[61,4]",3.62966666666667,0.884372052285977,2,3,3,4,5,1.00420560762033,540
"xi[62,4]",4.139,0.855914635514408,3,3,4,5,5,1.00873174570672,250
"xi[63,4]",4.732,0.529404781940102,3,5,5,5,5,1.01884073414038,200
"xi[64,4]",4.78933333333333,0.475073454479697,3,5,5,5,5,1.01871120143278,210
"xi[65,4]",4.061,0.888186518566861,3,3,4,5,5,1.00538093237638,410
"xi[66,4]",2.38933333333333,0.598224188423895,1,2,2,3,3,1.00411971489051,550
"xi[67,4]",2.82033333333333,0.660453345636775,2,2,3,3,4,1.00810370511219,270
"xi[68,4]",3.49166666666667,0.878742255464822,2,3,3,4,5,1.00429364831779,530
"xi[69,4]",4.38433333333333,0.787079657352351,3,4,5,5,5,1.0096077267848,260
"xi[70,4]",3.593,0.867334089499313,2,3,3,4,5,1.00138428520257,2300
"xi[71,4]",3.02233333333333,0.727560538375483,2,3,3,3,5,1.00644303704268,340
"xi[72,4]",2.86366666666667,0.678650679267603,2,2,3,3,4,1.00392698800828,650
"xi[73,4]",1.91166666666667,0.518285727748139,1,2,2,2,3,1.00239903528177,1100
"xi[74,4]",1.14666666666667,0.354773416348902,1,1,1,1,2,1.00129890206194,2500
"xi[75,4]",4.643,0.605810753362492,3,4,5,5,5,1.01172673211206,210
"xi[76,4]",4.72866666666667,0.538957370520126,3,5,5,5,5,1.01353301772545,240
"xi[77,4]",2.888,0.6730084051762,2,2,3,3,4,1.01020095468379,280
"xi[78,4]",4.758,0.508778555502797,3,5,5,5,5,1.02154096908669,170
"xi[79,4]",2.51933333333333,0.60089925572212,2,2,3,3,4,1.00600734912874,370
"xi[80,4]",3.46933333333333,0.829430853498832,2,3,3,4,5,1.00407371568965,560
"xi[81,4]",1.037,0.188793222760564,1,1,1,1,2,1.02767160757376,480
"xi[82,4]",4.228,0.83161280651113,3,4,4,5,5,1.00513374939898,430
"xi[83,4]",4.72066666666667,0.542897597608781,3,5,5,5,5,1.01048724072215,270
"xi[84,4]",2.58033333333333,0.624240696930912,2,2,3,3,4,1.0045364181392,500
"xi[85,4]",1.01066666666667,0.105940061612406,1,1,1,1,1,1.00892315242109,3000
"xi[86,4]",4.756,0.507165067279372,3,5,5,5,5,1.01828898461773,180
"xi[87,4]",4.33,0.808280751095103,3,4,5,5,5,1.0092013499226,250
"xi[88,4]",2.60433333333333,0.620141984480861,2,2,3,3,4,1.00694758036605,320
"xi[89,4]",1.38166666666667,0.500080575923881,1,1,1,2,2,1.00062733324569,3000
"xi[90,4]",2.56766666666667,0.593468862411871,2,2,3,3,4,1.00997140978768,210
"xi[91,4]",2.56033333333333,0.603170368735177,2,2,3,3,4,1.00496311350232,450
"xi[92,4]",3.46933333333333,0.843384049197262,2,3,3,4,5,1.00185701146005,1500
"xi[93,4]",4.77633333333333,0.491650752441555,3,5,5,5,5,1.01671409418635,240
"xi[94,4]",1.994,0.514508412275349,1,2,2,2,3,1.00183021164507,1500
"xi[95,4]",4.041,0.869235789042488,3,3,4,5,5,1.00326582690539,720
"xi[96,4]",4.19133333333333,0.853796157277377,3,3,4,5,5,1.00624614707874,350
"xi[97,4]",1.50666666666667,0.517086080738839,1,1,1,2,2,1.00055437255264,3000
"xi[98,4]",1.09166666666667,0.288602932717508,1,1,1,1,2,1.00581976090631,940
"xi[99,4]",1.472,0.527865715946165,1,1,1,2,2,1.00303836265092,790
"xi[100,4]",4.72066666666667,0.537961606237363,3,5,5,5,5,1.00753675073845,310
"xi[101,4]",1.06466666666667,0.245977757614998,1,1,1,1,2,1.01254932058286,630
"xi[102,4]",3.41166666666667,0.842872489506417,2,3,3,4,5,1.00471034291324,700
"xi[103,4]",1.03866666666667,0.194552921254377,1,1,1,1,2,1.00068534621041,3000
"xi[104,4]",4.166,0.84657125766122,3,3,4,5,5,1.00790184597528,270
"xi[105,4]",1.042,0.202277792738464,1,1,1,1,2,1.00559128121799,2200
"xi[106,4]",4.73633333333333,0.524313701112811,3,5,5,5,5,1.01088471479657,340
"xi[107,4]",1.00666666666667,0.0813906036694498,1,1,1,1,1,1.02274550819545,3000
"xi[108,4]",4.748,0.516318566023478,3,5,5,5,5,1.02352453513179,160
"xi[109,4]",4.71333333333333,0.544598706822476,3,5,5,5,5,1.01296099459204,220
"xi[110,4]",4.67066666666667,0.590753094472159,3,4,5,5,5,1.01056240239512,260
"xi[111,4]",1.308,0.473156731359504,1,1,1,2,2,1.00397512626375,580
"xi[112,4]",4.07366666666667,0.866308289374883,3,3,4,5,5,1.00578419490017,380
"xi[113,4]",1.14666666666667,0.358513225418285,1,1,1,1,2,1.0017676067212,1700
"xi[114,4]",4.62033333333333,0.623150057546572,3,4,5,5,5,1.00650322065696,420
"xi[115,4]",4.678,0.581172883607119,3,4,5,5,5,1.01047742308827,220
"xi[116,4]",4.74666666666667,0.524004213431648,3,5,5,5,5,1.00982846213024,270
"xi[117,4]",1.02566666666667,0.158165190960061,1,1,1,1,2,1.00065307145046,3000
"xi[118,4]",3.40333333333333,0.845119497197726,2,3,3,4,5,1.00344143930873,730
"xi[119,4]",2.82766666666667,0.670908285981242,2,2,3,3,4,1.00321659479083,740
"xi[120,4]",2.366,0.562864346082337,1,2,2,3,3,1.00357689569158,650
"xi[121,4]",4.24766666666667,0.82333904596897,3,4,4,5,5,1.00728876493566,330
"xi[122,4]",1.02166666666667,0.14561693005621,1,1,1,1,1,1.01982324608341,1100
"xi[123,4]",1.293,0.468925328442121,1,1,1,2,2,1.00461146755662,500
"xi[124,4]",1.00966666666667,0.0978591557307866,1,1,1,1,1,1.00729392105768,3000
"xi[125,4]",4.188,0.839577848477764,3,4,4,5,5,1.00589401951687,370
"xi[126,4]",1.29633333333333,0.463240131424307,1,1,1,2,2,1.00059386464074,3000
"xi[127,4]",4.05133333333333,0.872325554392684,3,3,4,5,5,1.0086223315335,280
"xi[128,4]",4.22833333333333,0.835721264676786,3,4,4,5,5,1.01034239718338,240
"xi[129,4]",2.39566666666667,0.604347831128084,1,2,2,3,3,1.00437368988144,520
"xi[130,4]",4.73433333333333,0.526479137588877,3,5,5,5,5,1.0207946020146,180
"xi[131,4]",3.12133333333333,0.752418500629084,2,3,3,3,5,1.00465615122922,850
"xi[132,4]",1.115,0.321158394313584,1,1,1,1,2,1.00227251526518,1800
"xi[133,4]",4.058,0.881794677887839,2,3,4,5,5,1.00396568212846,580
"xi[134,4]",1.1,0.301159258476843,1,1,1,1,2,1.00080209161704,3000
"xi[135,4]",1.47366666666667,0.528582717070044,1,1,1,2,2,1.00202061474598,1300
"xi[136,4]",4.716,0.54782360625283,3,5,5,5,5,1.01769981586326,170
"xi[137,4]",1.09966666666667,0.301822665146198,1,1,1,1,2,1.00100333660849,3000
"xi[138,4]",4.73133333333333,0.5246363534138,3,5,5,5,5,1.01015377764117,310
"xi[139,4]",2.92533333333333,0.688415713277221,2,3,3,3,5,1.00577355411589,390
"xi[140,4]",4.23466666666667,0.820867120691386,3,4,4,5,5,1.0073859620498,310
"xi[141,4]",1.89266666666667,0.516948063789559,1,2,2,2,3,1.00106570770209,3000
"xi[142,4]",1.03766666666667,0.19042052291548,1,1,1,1,2,1.00061442471808,3000
"xi[143,4]",4.25833333333333,0.832563276529396,3,4,4,5,5,1.00685817681409,320
"xi[144,4]",4.728,0.535516815254019,3,5,5,5,5,1.00739643784185,370
"xi[145,4]",4.56733333333333,0.663033000542828,3,4,5,5,5,1.0026315765536,940
"xi[146,4]",1.252,0.440333924033664,1,1,1,1,2,1.00164669304362,1700
"xi[147,4]",2.406,0.597173513647249,1,2,2,3,3,1.00169417572673,1700
"xi[148,4]",4.796,0.464531229399807,3,5,5,5,5,1.01167805617772,290
"xi[149,4]",3.01666666666667,0.723807194290757,2,3,3,3,5,1.0057982407368,480
"xi[150,4]",4.62533333333333,0.60752057521151,3,4,5,5,5,1.01093530712557,260
